#id,vin,last_name,yearmodel,company,modification,model,firstname,lastname,status,description
#id,vin,fullname,yearmodel,company,modification,model,firstname,lastname,status,description

1,4193417255,Freeman Bamborough,1984,Brainlounge,02/09/2009,Tempo,Bamborough,Freeman,Delivered,viverra eget congue eget semper rutrum nulla nunc purus phasellus in
2,8362114851,Dedie Stoffel,1999,Yombu,15/01/2017,Miata MX-5,Stoffel,Dedie,Delivered,id nisl venenatis lacinia aenean sit amet justo morbi ut odio cras mi
3,5749633268,Culver Cuddehay,2009,Jatri,17/06/2008,Raider,Cuddehay,Culver,In repair,praesent id massa id nisl venenatis lacinia aenean sit amet justo morbi ut odio cras mi pede
4,1129879941,Addy Showers,2004,Buzzshare,22/12/2016,Impreza,Showers,Addy,In repair,ullamcorper augue a suscipit nulla elit ac nulla sed vel enim sit amet nunc viverra dapibus nulla suscipit ligula in
5,8452688695,Issiah Fairbrace,2003,Zoomlounge,09/09/2012,Maxima,Fairbrace,Issiah,In repair,elit sodales scelerisque mauris sit amet eros suspendisse accumsan tortor
6,5236776244,Aarika Jersch,2009,Realfire,12/06/2003,Liberty,Jersch,Aarika,Delivered,venenatis non sodales sed tincidunt eu felis fusce posuere felis sed lacus morbi sem mauris
7,6634671141,Katie Roarty,2001,Edgetag,04/12/2017,Sentra,Roarty,Katie,In repair,vestibulum velit id pretium iaculis diam erat fermentum justo nec
8,0135021472,Bette-ann Innes,1990,Oyoloo,01/12/2001,Topaz,Innes,Bette-ann,In repair,in quis justo maecenas rhoncus aliquam lacus morbi quis tortor id nulla ultrices aliquet maecenas
9,1752136977,Mavis Swiffin,2008,Skibox,11/05/2010,Range Rover Sport,Swiffin,Mavis,Waiting for acceptance,sapien cum sociis natoque penatibus et magnis dis parturient montes nascetur ridiculus mus etiam vel augue
10,7557244966,Alexis Symson,2010,Mydo,10/05/2017,Defender Ice Edition,Symson,Alexis,In repair,id massa id nisl venenatis lacinia aenean sit amet justo morbi ut odio cras mi pede malesuada in
11,7391410659,Riannon Shitliff,2009,Gigashots,09/07/2003,Equator,Shitliff,Riannon,Waiting for acceptance,ut massa quis augue luctus tincidunt nulla mollis molestie lorem quisque ut erat curabitur gravida
12,2378095228,Louie Magnay,2011,Photobug,09/05/2008,Express 1500,Magnay,Louie,Delivered,ut tellus nulla ut erat id mauris vulputate elementum nullam
13,7930500128,Sky Carpe,2012,Quinu,07/06/2007,Mazda2,Carpe,Sky,Waiting for acceptance,vitae quam suspendisse potenti nullam porttitor lacus at turpis donec posuere metus vitae ipsum aliquam non mauris morbi non
14,6758163458,Isaak Traviss,2002,Yodel,15/03/2012,Ram 1500,Traviss,Isaak,Delivered,praesent lectus vestibulum quam sapien varius ut blandit non interdum in ante vestibulum ante ipsum primis in faucibus orci luctus
15,2978587148,Kandace Wooder,2012,Mydo,19/07/2003,C30,Wooder,Kandace,Delivered,sapien urna pretium nisl ut volutpat sapien arcu sed augue aliquam erat volutpat in congue etiam justo etiam pretium
16,0105233978,Noll Compston,2000,Roodel,27/09/2014,Z8,Compston,Noll,In repair,eleifend quam a odio in hac habitasse platea dictumst maecenas ut massa quis augue luctus tincidunt nulla
17,5644900436,Pren Svanetti,2005,Tagopia,15/08/2010,Yukon XL 2500,Svanetti,Pren,Delivered,mollis molestie lorem quisque ut erat curabitur gravida nisi at nibh in hac
18,6642034724,Lucille Defau,1987,Roombo,20/12/2007,Excel,Defau,Lucille,Delivered,vel accumsan tellus nisi eu orci mauris lacinia sapien quis libero nullam sit amet
19,2507674350,Ly Jurgensen,2009,Gevee,01/09/2009,Town & Country,Jurgensen,Ly,Waiting for acceptance,maecenas tristique est et tempus semper est quam pharetra magna ac consequat metus sapien ut nunc vestibulum ante
20,7490049075,Amandy Bubbings,1989,Thoughtsphere,04/03/2010,SJ,Bubbings,Amandy,Delivered,id ornare imperdiet sapien urna pretium nisl ut volutpat sapien arcu sed augue aliquam
21,6826043831,Mechelle Gillan,1994,Yakijo,19/07/2007,Town & Country,Gillan,Mechelle,Waiting for acceptance,phasellus id sapien in sapien iaculis congue vivamus metus arcu adipiscing molestie hendrerit at vulputate vitae nisl aenean lectus
22,9705204233,Beatriz Baron,2010,Jatri,13/08/2017,tC,Baron,Beatriz,Waiting for acceptance,est risus auctor sed tristique in tempus sit amet sem fusce consequat nulla nisl nunc nisl duis
23,6616191737,Lindy Cromly,1992,Realcube,22/05/2007,Beretta,Cromly,Lindy,Waiting for acceptance,at vulputate vitae nisl aenean lectus pellentesque eget nunc donec quis
24,7590079731,Xymenes MacCallion,2012,Rhyzio,22/04/2015,CL-Class,MacCallion,Xymenes,Delivered,proin leo odio porttitor id consequat in consequat ut nulla sed accumsan
25,8038112555,Marisa MacCauley,2001,Plambee,27/08/2006,Leganza,MacCauley,Marisa,Delivered,eros elementum pellentesque quisque porta volutpat erat quisque erat eros viverra eget congue eget semper rutrum
26,9821424759,Stephana Braisted,2003,Voomm,04/04/2018,Express 1500,Braisted,Stephana,Delivered,cursus urna ut tellus nulla ut erat id mauris vulputate elementum nullam varius nulla facilisi cras non
27,4179695200,Marjy Cowe,2003,Aimbu,25/01/2014,Highlander,Cowe,Marjy,Waiting for acceptance,hac habitasse platea dictumst maecenas ut massa quis augue luctus tincidunt nulla mollis molestie lorem quisque
28,9600148538,Analise Sedge,1992,Kwinu,05/05/2018,MR2,Sedge,Analise,Delivered,sed justo pellentesque viverra pede ac diam cras pellentesque volutpat dui maecenas tristique est et tempus semper
29,1850147914,Viv Drayson,2010,Nlounge,17/03/2005,Mazdaspeed 3,Drayson,Viv,Waiting for acceptance,sem praesent id massa id nisl venenatis lacinia aenean sit amet justo
30,6449765186,Doralynn Escoffier,2001,Pixope,26/06/2002,Trooper,Escoffier,Doralynn,In repair,lacinia aenean sit amet justo morbi ut odio cras mi pede malesuada in imperdiet
31,7420581207,Filberte Raveau,2008,Linkbuzz,01/12/2002,CLK-Class,Raveau,Filberte,Waiting for acceptance,ipsum primis in faucibus orci luctus et ultrices posuere cubilia curae duis
32,8228039395,Rickey Bernhart,1991,Feedspan,14/11/2017,SJ,Bernhart,Rickey,Delivered,placerat praesent blandit nam nulla integer pede justo lacinia eget tincidunt eget
33,4098108054,Teodor Vallentine,1993,Minyx,09/10/2011,S4,Vallentine,Teodor,In repair,orci eget orci vehicula condimentum curabitur in libero ut massa volutpat convallis morbi odio odio elementum eu interdum
34,7615241731,Aldis Cuthbert,1990,Kayveo,04/05/2003,Range Rover,Cuthbert,Aldis,Waiting for acceptance,nunc viverra dapibus nulla suscipit ligula in lacus curabitur at ipsum ac tellus semper interdum mauris ullamcorper
35,0524761590,Nari Killcross,2009,Oloo,26/04/2017,S40,Killcross,Nari,Delivered,sed ante vivamus tortor duis mattis egestas metus aenean fermentum donec ut mauris eget
36,2007806363,Ruy Andreutti,1994,Tagchat,09/06/2012,Caprice Classic,Andreutti,Ruy,In repair,nec nisi vulputate nonummy maecenas tincidunt lacus at velit vivamus vel nulla eget eros elementum pellentesque quisque
37,2613207000,Allsun Pebworth,1999,Realblab,03/11/2016,Pajero,Pebworth,Allsun,Waiting for acceptance,magnis dis parturient montes nascetur ridiculus mus etiam vel augue vestibulum rutrum rutrum
38,4192585391,Phillis Vaar,2000,Dabtype,20/03/2010,Tiburon,Vaar,Phillis,Waiting for acceptance,aliquet maecenas leo odio condimentum id luctus nec molestie sed justo pellentesque
39,0756926238,Vincenty Cellone,2012,Jabbersphere,28/04/2005,Mazda5,Cellone,Vincenty,In repair,potenti in eleifend quam a odio in hac habitasse platea dictumst maecenas ut massa quis augue luctus tincidunt nulla
40,5662398968,Dolley Leehane,2011,Yamia,05/12/2004,Element,Leehane,Dolley,Delivered,suspendisse potenti nullam porttitor lacus at turpis donec posuere metus vitae ipsum aliquam non mauris
41,2260072909,Dimitri Lawrenceson,2009,Jetwire,06/02/2012,Borrego,Lawrenceson,Dimitri,Delivered,praesent blandit lacinia erat vestibulum sed magna at nunc commodo placerat praesent blandit nam nulla integer pede justo lacinia
42,3120607843,Lane Attrill,2007,Lazzy,09/11/2017,Xterra,Attrill,Lane,Waiting for acceptance,posuere metus vitae ipsum aliquam non mauris morbi non lectus aliquam sit
43,0166949426,Lexis Parlett,1995,Meevee,15/02/2015,3000GT,Parlett,Lexis,Waiting for acceptance,mi pede malesuada in imperdiet et commodo vulputate justo in blandit ultrices enim lorem ipsum dolor sit amet consectetuer adipiscing
44,8334013566,Denny Endon,1999,Jaxnation,04/05/2003,Lumina,Endon,Denny,Delivered,leo odio porttitor id consequat in consequat ut nulla sed
45,9198634305,Ransom Poltun,2011,Kwinu,15/01/2017,V8 Vantage,Poltun,Ransom,In repair,odio porttitor id consequat in consequat ut nulla sed accumsan felis ut at dolor quis odio consequat
46,8070336005,Clyde Nellies,2005,Skaboo,23/05/2010,Impala,Nellies,Clyde,Delivered,nisi venenatis tristique fusce congue diam id ornare imperdiet sapien urna pretium nisl ut volutpat sapien arcu sed
47,5004690251,Jocelyne Overbury,2004,Vinder,28/05/2011,Pilot,Overbury,Jocelyne,In repair,proin at turpis a pede posuere nonummy integer non velit donec diam neque vestibulum eget vulputate ut ultrices vel
48,4067207921,Franklin Fairclough,2009,Bubbletube,22/01/2017,Challenger,Fairclough,Franklin,Waiting for acceptance,felis fusce posuere felis sed lacus morbi sem mauris laoreet ut rhoncus aliquet pulvinar sed nisl nunc
49,8392616812,Haily Tarquinio,1990,Linkbuzz,17/10/2005,MX-6,Tarquinio,Haily,In repair,donec ut mauris eget massa tempor convallis nulla neque libero convallis eget eleifend luctus
50,2490635069,Lethia Leadbeater,2012,Oyope,01/01/2013,M,Leadbeater,Lethia,In repair,lacinia aenean sit amet justo morbi ut odio cras mi pede
51,6778152699,Alasdair Tommen,2009,Kwimbee,01/10/2007,XLR,Tommen,Alasdair,Delivered,duis consequat dui nec nisi volutpat eleifend donec ut dolor morbi vel lectus
52,8778890942,Guillemette Pic,2012,Flashpoint,06/08/2015,LaCrosse,Pic,Guillemette,Waiting for acceptance,morbi vel lectus in quam fringilla rhoncus mauris enim leo
53,3513771428,Annalee Fawdry,1999,Rhynyx,30/09/2013,Expedition,Fawdry,Annalee,In repair,libero nam dui proin leo odio porttitor id consequat in consequat ut nulla
54,6048230206,Claudetta Rathe,1992,Mybuzz,12/06/2005,911,Rathe,Claudetta,Delivered,nunc vestibulum ante ipsum primis in faucibus orci luctus et
55,3798784795,Garfield Keoghan,1987,Devpulse,15/11/2004,Safari,Keoghan,Garfield,Delivered,morbi quis tortor id nulla ultrices aliquet maecenas leo odio
56,1996392255,Waverley Dronsfield,1990,Jabbersphere,26/03/2014,Sigma,Dronsfield,Waverley,Waiting for acceptance,odio consequat varius integer ac leo pellentesque ultrices mattis odio donec vitae nisi nam ultrices libero non mattis pulvinar nulla
57,4693762059,Gerald Seeviour,2008,Snaptags,14/01/2003,Highlander,Seeviour,Gerald,In repair,tristique fusce congue diam id ornare imperdiet sapien urna pretium nisl ut
58,9994394045,Mathian Bartoszinski,1996,Shuffledrive,05/12/2011,Hombre,Bartoszinski,Mathian,In repair,eu felis fusce posuere felis sed lacus morbi sem mauris laoreet ut rhoncus aliquet pulvinar
59,5212459559,Jerri Peddar,2010,Yakijo,24/05/2014,S6,Peddar,Jerri,In repair,orci luctus et ultrices posuere cubilia curae nulla dapibus dolor vel est donec odio justo sollicitudin ut
60,7712639892,Hodge Pearmain,2003,Gigazoom,10/06/2003,Z8,Pearmain,Hodge,Waiting for acceptance,aenean auctor gravida sem praesent id massa id nisl venenatis lacinia aenean sit amet justo morbi ut odio cras mi
61,6504927537,Rakel Corbould,1992,Katz,21/12/2015,Laser,Corbould,Rakel,In repair,porttitor lorem id ligula suspendisse ornare consequat lectus in est risus auctor sed tristique in tempus sit amet sem fusce
62,7644012567,Otha Vereker,2011,Gigaclub,11/12/2006,HS,Vereker,Otha,Waiting for acceptance,molestie lorem quisque ut erat curabitur gravida nisi at nibh
63,2266706829,Crichton Muzzall,1992,Thoughtworks,26/11/2003,Yukon,Muzzall,Crichton,Delivered,scelerisque mauris sit amet eros suspendisse accumsan tortor quis turpis sed ante vivamus tortor duis mattis egestas metus
64,6469634176,Vinnie Lanfear,1985,Skalith,04/10/2012,Camaro,Lanfear,Vinnie,In repair,tellus nisi eu orci mauris lacinia sapien quis libero nullam sit amet turpis elementum ligula vehicula consequat morbi a ipsum
65,1431587230,Wylma Blois,1988,Babblestorm,21/04/2005,Chariot,Blois,Wylma,Waiting for acceptance,cras non velit nec nisi vulputate nonummy maecenas tincidunt lacus at velit vivamus vel nulla eget eros elementum pellentesque
66,2935305523,Urbain Tawse,1985,Kimia,04/03/2010,Truck,Tawse,Urbain,Delivered,vulputate luctus cum sociis natoque penatibus et magnis dis parturient
67,7958911246,Faustina Lagen,1994,Zoozzy,29/04/2018,Esprit,Lagen,Faustina,In repair,non ligula pellentesque ultrices phasellus id sapien in sapien iaculis congue vivamus metus arcu adipiscing molestie hendrerit
68,1188553186,Dorine Nannetti,2011,Mudo,19/10/2009,Cooper,Nannetti,Dorine,Waiting for acceptance,suscipit ligula in lacus curabitur at ipsum ac tellus semper interdum mauris ullamcorper purus sit amet nulla
69,0064389243,Ike Leggitt,2012,Yakijo,16/07/2018,Avalanche,Leggitt,Ike,In repair,ipsum dolor sit amet consectetuer adipiscing elit proin risus praesent lectus vestibulum quam sapien varius ut blandit non interdum
70,5607764907,Moll Connell,2007,Plajo,13/05/2012,Accent,Connell,Moll,Waiting for acceptance,vestibulum ac est lacinia nisi venenatis tristique fusce congue diam id ornare imperdiet sapien urna pretium
71,8890381922,Lanie Petrushka,1996,Yodo,24/07/2005,Eldorado,Petrushka,Lanie,In repair,eget orci vehicula condimentum curabitur in libero ut massa volutpat convallis
72,7212923192,Cristina Clinch,2003,Jabbertype,12/06/2013,CTS,Clinch,Cristina,In repair,velit donec diam neque vestibulum eget vulputate ut ultrices vel augue vestibulum ante ipsum primis in faucibus orci luctus
73,5321870764,Vere Fonzo,2012,Twitterwire,25/02/2008,Insight,Fonzo,Vere,Delivered,eleifend luctus ultricies eu nibh quisque id justo sit amet
74,2771261146,Allianora Edgecombe,2007,Edgewire,20/06/2007,Sierra,Edgecombe,Allianora,Waiting for acceptance,ultrices posuere cubilia curae mauris viverra diam vitae quam suspendisse potenti nullam porttitor lacus at turpis donec posuere metus
75,9365869528,Salaidh Sunley,2010,Fatz,16/08/2007,TundraMax,Sunley,Salaidh,Waiting for acceptance,sagittis dui vel nisl duis ac nibh fusce lacus purus aliquet at feugiat non pretium quis lectus suspendisse
76,5191083164,Phylys Negus,2009,Avamba,28/11/2004,GX,Negus,Phylys,In repair,aliquam sit amet diam in magna bibendum imperdiet nullam orci pede venenatis non sodales
77,1665768711,Shane Lundie,2005,Trilia,17/03/2003,xA,Lundie,Shane,In repair,quis augue luctus tincidunt nulla mollis molestie lorem quisque ut erat curabitur gravida nisi at nibh in hac habitasse
78,5297834341,Reynold Scawton,1998,Jetpulse,16/01/2017,Envoy,Scawton,Reynold,Waiting for acceptance,pulvinar lobortis est phasellus sit amet erat nulla tempus vivamus in felis eu sapien
79,6145798696,Ginnie Bubear,2001,Brainlounge,23/12/2012,Dakota Club,Bubear,Ginnie,In repair,sit amet justo morbi ut odio cras mi pede malesuada in imperdiet et commodo vulputate justo
80,3300230349,Rockie Kelcher,2008,Jabbersphere,11/01/2012,F150,Kelcher,Rockie,Delivered,ultrices posuere cubilia curae duis faucibus accumsan odio curabitur convallis duis consequat
81,9872791198,Blanch Sharvell,2004,Jayo,24/03/2014,SLK-Class,Sharvell,Blanch,Waiting for acceptance,ante vel ipsum praesent blandit lacinia erat vestibulum sed magna at nunc commodo placerat praesent blandit nam
82,5980764887,Tobi Leaburn,2003,Zoombox,05/06/2017,LS,Leaburn,Tobi,In repair,rutrum nulla tellus in sagittis dui vel nisl duis ac nibh fusce lacus purus aliquet at
83,4450527801,Sonny Joyes,1995,Voomm,14/10/2015,Suburban 2500,Joyes,Sonny,Delivered,habitasse platea dictumst aliquam augue quam sollicitudin vitae consectetuer eget rutrum at lorem integer tincidunt ante
84,1602465592,Adriana MacCumiskey,1999,Vidoo,12/03/2007,Rodeo,MacCumiskey,Adriana,Delivered,donec diam neque vestibulum eget vulputate ut ultrices vel augue
85,8242457921,Barris MacKowle,1989,Jaxspan,16/08/2016,LTD Crown Victoria,MacKowle,Barris,In repair,curabitur in libero ut massa volutpat convallis morbi odio odio elementum eu interdum eu tincidunt in leo maecenas pulvinar
86,4138879803,Boniface Brandone,2009,Eabox,27/07/2004,H3,Brandone,Boniface,Waiting for acceptance,tincidunt eget tempus vel pede morbi porttitor lorem id ligula suspendisse ornare consequat lectus in est risus auctor sed tristique
87,7564415177,Javier Stirrup,1993,Topiclounge,29/10/2016,Club Wagon,Stirrup,Javier,Delivered,hac habitasse platea dictumst morbi vestibulum velit id pretium iaculis diam erat fermentum justo nec condimentum neque sapien placerat
88,0023142464,Sauveur Sansun,1992,Youtags,03/02/2009,Rocky,Sansun,Sauveur,Delivered,eros suspendisse accumsan tortor quis turpis sed ante vivamus tortor duis mattis egestas metus aenean
89,1746147350,Dori Breitler,1996,Kwinu,28/06/2003,Previa,Breitler,Dori,Waiting for acceptance,lectus suspendisse potenti in eleifend quam a odio in hac habitasse platea dictumst maecenas ut massa quis augue
90,5614217584,Karen Dri,2001,Thoughtmix,24/08/2008,LeSabre,Dri,Karen,In repair,vestibulum velit id pretium iaculis diam erat fermentum justo nec condimentum neque sapien placerat ante nulla justo aliquam
91,9832372674,Ketti Wyre,1990,Flashset,17/02/2010,Grand Prix Turbo,Wyre,Ketti,Delivered,proin leo odio porttitor id consequat in consequat ut nulla sed accumsan felis ut at dolor quis odio consequat
92,9897559698,Jamaal Robatham,1988,Skyndu,24/09/2016,Pajero,Robatham,Jamaal,Waiting for acceptance,metus vitae ipsum aliquam non mauris morbi non lectus aliquam sit amet diam in magna bibendum imperdiet
93,1452683166,Cedric Spraggon,1993,Layo,25/12/2001,90,Spraggon,Cedric,In repair,ut tellus nulla ut erat id mauris vulputate elementum nullam varius nulla facilisi cras non velit nec
94,1027364780,Tiffanie Jorcke,1992,Babblestorm,06/09/2018,GTO,Jorcke,Tiffanie,In repair,tortor duis mattis egestas metus aenean fermentum donec ut mauris eget massa tempor convallis nulla neque libero convallis
95,4912762504,Trista Colbrun,2011,Mynte,11/12/2001,Fiesta,Colbrun,Trista,In repair,congue risus semper porta volutpat quam pede lobortis ligula sit amet eleifend pede libero quis orci
96,4616857679,Elfie Lindstedt,2006,Skipfire,12/09/2011,XC70,Lindstedt,Elfie,Delivered,fusce consequat nulla nisl nunc nisl duis bibendum felis sed interdum venenatis turpis enim blandit mi in porttitor pede
97,0637491602,Rosie Riccardelli,2011,Twitterbridge,28/01/2006,Savana 2500,Riccardelli,Rosie,Waiting for acceptance,semper rutrum nulla nunc purus phasellus in felis donec semper sapien a libero nam dui
98,6502784631,Cristionna Pearn,2006,Browsedrive,29/07/2002,Wrangler,Pearn,Cristionna,Waiting for acceptance,mus etiam vel augue vestibulum rutrum rutrum neque aenean auctor
99,4918810268,Brittni Antyshev,2009,Cogidoo,12/11/2006,Legacy,Antyshev,Brittni,Waiting for acceptance,pellentesque quisque porta volutpat erat quisque erat eros viverra eget congue eget semper
100,3528401990,Graham Filippo,2009,Jabbercube,24/10/2014,Phantom,Filippo,Graham,Delivered,mauris laoreet ut rhoncus aliquet pulvinar sed nisl nunc rhoncus dui vel sem sed sagittis nam congue risus semper






